2008,Jacob,22594,Emma,18813,Michael,20626,Isabella,18616,Ethan,20216,Emily,17434,Joshua,19205,Olivia,17081,Daniel,19005,Ava,17039,Alexander,18697,Madison,17032,Anthony,18397,Sophia,16084,William,18391,Abigail,15082,Christopher,17947,Elizabeth,12008,Matthew,17580,Chloe,11824,Jayden,17151,Samantha,11182,Andrew,16760,Addison,10761,Joseph,16575,Natalie,10201,David,16324,Mia,10169,Noah,15787,Alexis,9726,Aiden,15579,Alyssa,9643,James,15178,Hannah,9563,Ryan,14681,Ashley,9403,Logan,13853,Ella,9352,John,13315,Sarah,9045,Nathan,13254,Grace,9036,Elijah,13228,Taylor,8335,Christian,13058,Brianna,8259,Gabriel,13032,Lily,8118,Benjamin,12949,Hailey,7867,Jonathan,12886,Anna,7266,Samuel,12754,Victoria,7119,Tyler,12700,Kayla,6834,Nicholas,12524,Lillian,6810,Gavin,11744,Lauren,6450,Dylan,11700,Kaylee,6293,Jackson,11636,Allison,6239,Brandon,11472,Savannah,6124,Caleb,10569,Nevaeh,6105,Mason,10483,Gabriella,6028,Angel,10352,Sofia,5983,Isaac,10019,Makayla,5950,Evan,9924,Avery,5829,Jack,9895,Riley,5768,Jose,9820,Leah,5628,Kevin,9796,Julia,5616,Isaiah,9660,Aubrey,5565,Luke,9418,Jasmine,5526,Justin,9357,Audrey,5440,Landon,9353,Katherine,5346,Lucas,9323,Morgan,5334,Zachary,9230,Brooklyn,5311,Jordan,9089,Destiny,5308,Robert,8831,Sydney,5260,Aaron,8541,Alexa,5225,Brayden,8436,Kylie,5194,Thomas,8357,Brooke,5183,Cameron,8295,Kaitlyn,5116,Hunter,8036,Evelyn,5099,Austin,7986,Layla,4930,Adrian,7930,Madeline,4817,Connor,7813,Kimberly,4811,Owen,7796,Zoe,4781,Aidan,7699,Jessica,4736,Jason,7656,Peyton,4732,Julian,7462,Alexandra,4610,Wyatt,7308,Claire,4598,Charles,7284,Maria,4585,Luis,7133,Madelyn,4564,Carter,7063,Mackenzie,4472,Juan,7029,Arianna,4421,Chase,7000,Jocelyn,4370,Jeremiah,6583,Amelia,4348,Diego,6571,Angelina,4297,Brody,6298,Trinity,4273,Xavier,6281,Maya,4267,Adam,6093,Andrea,4259,Carlos,6047,Valeria,4205,Sebastian,6034,Rachel,4078,Liam,5979,Sophie,4063,Hayden,5944,Aaliyah,4040,Nathaniel,5851,Mariah,4034,Henry,5778,Vanessa,4031,Jesus,5756,Gabrielle,4024,Ian,5722,Katelyn,3975,Tristan,5657,Ariana,3911,Bryan,5505,Bailey,3902,Sean,5466,Camila,3847,Alex,5396,Jennifer,3792,Cole,5389,Melanie,3713,Eric,5377,Charlotte,3670,Brian,5257,Gianna,3666,Jaden,5187,Autumn,3662,Carson,5126,Paige,3643,Blake,5095,Faith,3628,Ayden,5056,Payton,3608,Cooper,5048,Sara,3590,Dominic,4958,Isabelle,3569,Brady,4814,Caroline,3542,Josiah,4774,Genesis,3521,Caden,4770,Mary,3499,Kyle,4702,Isabel,3487,Colton,4546,Zoey,3448,Eli,4515,Gracie,3424,Kaden,4501,Megan,3412
2009,Jacob,21175,Isabella,22306,Ethan,19847,Emma,17895,Michael,18940,Olivia,17435,Alexander,18234,Sophia,16944,William,17918,Ava,15873,Joshua,17650,Emily,15352,Daniel,17542,Madison,15239,Jayden,17288,Abigail,14390,Noah,17247,Chloe,11909,Christopher,16355,Mia,11426,Anthony,16307,Elizabeth,11035,Aiden,16020,Addison,10660,Matthew,15986,Alexis,9934,David,15440,Samantha,9660,Joseph,14920,Ella,9654,Andrew,14862,Natalie,9409,Logan,14459,Grace,8314,James,14208,Lily,8098,Benjamin,13115,Alyssa,7966,Ryan,13107,Ashley,7813,Elijah,12828,Sarah,7780,Gabriel,12827,Taylor,7583,Christian,12642,Hannah,7572,Samuel,12152,Brianna,7352,Nathan,12121,Hailey,7317,Jackson,12119,Kaylee,7213,John,12118,Lillian,6857,Tyler,11542,Anna,6804,Jonathan,11373,Leah,6789,Dylan,11364,Allison,6581,Caleb,10992,Victoria,6361,Nicholas,10850,Avery,6298,Gavin,10737,Gabriella,6145,Mason,10685,Nevaeh,6107,Evan,10277,Kayla,5840,Landon,10163,Sofia,5694,Angel,9849,Brooklyn,5664,Brandon,9841,Riley,5635,Lucas,9612,Savannah,5596,Isaac,9553,Evelyn,5583,Isaiah,9240,Aubrey,5406,Jack,9023,Peyton,5313,Jose,8811,Alexa,5308,Kevin,8772,Makayla,5264,Jordan,8652,Layla,5206,Justin,8624,Lauren,5199,Luke,8618,Zoe,5146,Brayden,8596,Sydney,5058,Liam,8564,Audrey,5007,Carter,8167,Julia,4993,Owen,8139,Jasmine,4878,Connor,8098,Arianna,4836,Zachary,8080,Claire,4824,Aaron,7971,Brooke,4797,Robert,7831,Amelia,4699,Hunter,7741,Morgan,4610,Thomas,7722,Destiny,4607,Adrian,7632,Bella,4534,Cameron,7632,Madelyn,4496,Wyatt,7403,Katherine,4428,Chase,7387,Maya,4391,Julian,7382,Kylie,4385,Austin,7283,Aaliyah,4370,Charles,7283,Madeline,4300,Jeremiah,7226,Sophie,4264,Jason,6919,Kimberly,4223,Juan,6282,Kaitlyn,4202,Xavier,6209,Charlotte,4188,Luis,6138,Alexandra,4162,Sebastian,5989,Maria,4136,Henry,5895,Jocelyn,4113,Aidan,5808,Valeria,4090,Ian,5804,Andrea,4060,Adam,5672,Trinity,4022,Nathaniel,5425,Zoey,3994,Diego,5414,Gianna,3937,Brody,5389,Mackenzie,3901,Jesus,5384,Jessica,3798,Carlos,5376,Faith,3760,Tristan,5348,Camila,3733,Dominic,5326,Autumn,3710,Cole,5275,Ariana,3693,Alex,5169,Genesis,3668,Cooper,5072,Payton,3644,Levi,5016,Bailey,3638,Josiah,5010,Angelina,3634,Carson,4997,Caroline,3624,Ayden,4994,Mariah,3597,Blake,4949,Rachel,3584,Eli,4910,Katelyn,3571,Hayden,4865,Vanessa,3518,Bryan,4854,Molly,3507,Colton,4768,Melanie,3485,Brian,4653,Serenity,3478,Eric,4640,Khloe,3455,Parker,4624,Gabrielle,3420,Sean,4337,Paige,3410,Oliver,4286,Mya,3409,Kyle,4174,Eva,3393,Miguel,4169,Isabelle,3306
2010,Jacob,22127,Isabella,22913,Ethan,18002,Sophia,20643,Michael,17350,Emma,17345,Jayden,17179,Olivia,17028,William,17051,Ava,15433,Alexander,16756,Emily,14274,Noah,16451,Abigail,14247,Daniel,15843,Madison,13183,Aiden,15538,Chloe,11754,Anthony,15493,Mia,10639,Joshua,15442,Addison,10325,Mason,14845,Elizabeth,10262,Christopher,14279,Ella,9876,Andrew,14248,Natalie,8777,David,14199,Samantha,8408,Matthew,14134,Alexis,8265,Logan,14022,Lily,7986,Elijah,13900,Grace,7683,James,13883,Hailey,7019,Joseph,13830,Alyssa,6991,Gabriel,12877,Hannah,6988,Benjamin,12431,Lillian,6951,Ryan,11969,Avery,6674,Samuel,11963,Leah,6537,Jackson,11818,Nevaeh,6425,John,11556,Anna,6329,Nathan,11373,Sarah,6328,Jonathan,11126,Sofia,6327,Christian,11097,Ashley,6314,Liam,10927,Brianna,6277,Dylan,10512,Zoe,6269,Caleb,10473,Victoria,6227,Landon,10473,Gabriella,6178,Tyler,10447,Brooklyn,6122,Lucas,10377,Kaylee,6098,Evan,9730,Taylor,5896,Nicholas,9641,Layla,5891,Gavin,9618,Allison,5864,Isaac,9357,Evelyn,5840,Brayden,9111,Riley,5538,Luke,8842,Amelia,5455,Angel,8770,Khloe,5405,Isaiah,8577,Makayla,5394,Brandon,8545,Savannah,5373,Jack,8518,Aubrey,5360,Jordan,8237,Charlotte,5357,Owen,8175,Zoey,5208,Carter,8156,Bella,5123,Connor,8050,Kayla,5055,Justin,7846,Alexa,5040,Jeremiah,7732,Peyton,4968,Jose,7699,Audrey,4951,Julian,7580,Claire,4915,Robert,7555,Arianna,4844,Aaron,7462,Julia,4675,Adrian,7405,Aaliyah,4664,Wyatt,7370,Kylie,4600,Kevin,7323,Lauren,4466,Hunter,7321,Sophie,4414,Cameron,7194,Sydney,4331,Zachary,7179,Camila,4303,Thomas,7123,Jasmine,4173,Charles,7098,Morgan,4073,Austin,6902,Alexandra,4019,Eli,6560,Jocelyn,3987,Chase,6441,Maya,3967,Henry,6398,Gianna,3959,Sebastian,6358,Mackenzie,3880,Jason,6273,Kimberly,3869,Levi,6010,Katherine,3866,Xavier,5753,Destiny,3731,Ian,5557,Brooke,3703,Colton,5316,Trinity,3699,Dominic,5297,Faith,3697,Cooper,5256,Lucy,3634,Juan,5240,Madelyn,3618,Josiah,5205,Madeline,3603,Ayden,5136,Bailey,3595,Luis,5127,Payton,3586,Adam,5103,Andrea,3567,Nathaniel,5102,Autumn,3519,Carson,5097,Melanie,3485,Brody,5050,Serenity,3480,Tristan,4892,Ariana,3471,Parker,4731,Stella,3440,Diego,4716,Maria,3416,Blake,4700,Molly,3362,Oliver,4663,Caroline,3358,Carlos,4586,Genesis,3303,Cole,4586,Kaitlyn,3297,Jaden,4517,Eva,3277,Jesus,4452,Jessica,3198,Alex,4433,Angelina,3143,Aidan,4306,Gabrielle,3141,Eric,4196,Naomi,3131,Hayden,4189,Valeria,3115,Bryan,3933,Mariah,3108,Max,3848,Natalia,3045,Jaxon,3840,Rachel,3017,Bentley,3771,Paige,3011
2011,Jacob,20371,Sophia,21842,Mason,19510,Isabella,19910,William,17343,Emma,18803,Jayden,16992,Olivia,17322,Noah,16862,Ava,15503,Michael,16795,Emily,14258,Ethan,16684,Abigail,13248,Alexander,15702,Madison,12389,Aiden,15496,Mia,11530,Daniel,15291,Chloe,10991,Anthony,14267,Elizabeth,10091,Matthew,14166,Ella,9590,Elijah,13967,Addison,9302,Joshua,13773,Natalie,8638,Liam,13437,Lily,8180,Andrew,13277,Grace,7633,James,13251,Samantha,7395,David,13228,Avery,7341,Benjamin,13063,Sofia,7328,Christopher,13000,Aubrey,7177,Logan,12990,Brooklyn,7167,Joseph,12967,Lillian,6921,Jackson,12398,Victoria,6887,Gabriel,12341,Evelyn,6707,Ryan,11494,Hannah,6571,Samuel,11349,Alexis,6524,John,11049,Charlotte,6427,Nathan,10505,Zoey,6401,Lucas,10399,Leah,6392,Christian,10314,Amelia,6369,Jonathan,10233,Zoe,6305,Caleb,10029,Hailey,6274,Dylan,9780,Nevaeh,6106,Landon,9755,Gabriella,6097,Isaac,9599,Layla,6080,Brayden,9011,Kaylee,6044,Gavin,9011,Alyssa,6018,Tyler,8838,Anna,5663,Luke,8701,Sarah,5556,Evan,8652,Allison,5466,Carter,8598,Savannah,5450,Nicholas,8591,Ashley,5398,Isaiah,8533,Audrey,5210,Owen,8332,Taylor,5189,Jack,8180,Brianna,5181,Jordan,8070,Aaliyah,5120,Brandon,7813,Riley,5033,Wyatt,7681,Camila,4968,Julian,7619,Khloe,4956,Aaron,7614,Claire,4896,Jeremiah,7607,Sophie,4728,Angel,7530,Arianna,4688,Cameron,7518,Peyton,4675,Connor,7406,Harper,4674,Hunter,7369,Alexa,4506,Adrian,7338,Makayla,4452,Henry,7230,Julia,4348,Eli,7209,Kylie,4346,Justin,7115,Kayla,4327,Austin,7028,Bella,4266,Charles,6979,Katherine,4186,Robert,6972,Lauren,4098,Thomas,6914,Gianna,4066,Zachary,6804,Maya,4018,Jose,6761,Sydney,3973,Levi,6648,Serenity,3859,Kevin,6562,Kimberly,3809,Sebastian,6545,Mackenzie,3795,Chase,6189,Autumn,3762,Ayden,6124,Jocelyn,3729,Jason,5843,Faith,3727,Ian,5617,Lucy,3701,Blake,5609,Jasmine,3698,Colton,5594,Stella,3694,Bentley,5575,Morgan,3671,Xavier,5441,Alexandra,3628,Dominic,5431,Trinity,3622,Oliver,5410,Molly,3615,Parker,5289,Madelyn,3602,Josiah,5261,Scarlett,3558,Adam,5204,Genesis,3511,Cooper,5176,Andrea,3510,Brody,5074,Eva,3466,Nathaniel,4975,Ariana,3452,Carson,4923,Madeline,3428,Jaxon,4730,Brooke,3369,Tristan,4725,Caroline,3369,Luis,4690,Bailey,3312,Juan,4677,Melanie,3286,Hayden,4594,Destiny,3264,Carlos,4177,Kennedy,3244,Nolan,4167,Maria,3217,Jesus,4166,Naomi,3190,Cole,4137,London,3164,Alex,4035,Payton,3148,Max,3953,Lydia,3084,Grayson,3938,Ellie,3062,Bryson,3937,Mariah,2988,Diego,3822,Aubree,2938,Jaden,3806,Kaitlyn,2906
2012,Jacob,19074,Sophia,22313,Mason,18969,Emma,20945,Ethan,17672,Isabella,19099,Noah,17353,Olivia,17316,William,16885,Ava,15533,Liam,16804,Emily,13649,Michael,16169,Abigail,12700,Jayden,16127,Mia,12023,Alexander,15237,Madison,11397,Aiden,14903,Elizabeth,9708,Daniel,14279,Chloe,9661,Matthew,13971,Ella,9203,Elijah,13874,Avery,8314,James,13426,Addison,8178,Anthony,13203,Aubrey,8052,Benjamin,12822,Lily,7960,Joshua,12656,Natalie,7894,Andrew,12621,Sofia,7831,Joseph,12565,Charlotte,7479,David,12541,Zoey,7471,Jackson,12483,Grace,7377,Logan,12473,Hannah,7275,Christopher,11898,Amelia,7242,Gabriel,11552,Harper,7192,Samuel,11454,Lillian,7161,Ryan,10937,Samantha,6929,Lucas,10707,Evelyn,6876,John,10621,Victoria,6861,Nathan,10420,Brooklyn,6790,Isaac,10052,Zoe,6457,Dylan,9987,Layla,6265,Caleb,9966,Hailey,5910,Christian,9621,Leah,5773,Jonathan,9356,Kaylee,5621,Landon,9347,Anna,5618,Carter,9262,Aaliyah,5508,Luke,9010,Gabriella,5500,Owen,8690,Allison,5426,Brayden,8502,Nevaeh,5392,Gavin,8255,Alexis,5358,Wyatt,8223,Audrey,5297,Isaiah,8159,Savannah,5191,Henry,8069,Sarah,5190,Eli,8062,Alyssa,5086,Hunter,8037,Claire,4944,Jack,7937,Taylor,4864,Evan,7899,Riley,4830,Jordan,7808,Camila,4789,Nicholas,7735,Arianna,4723,Tyler,7697,Ashley,4699,Aaron,7534,Brianna,4636,Jeremiah,7481,Sophie,4577,Julian,7378,Peyton,4472,Cameron,7363,Bella,4351,Levi,7230,Khloe,4312,Brandon,7028,Genesis,4300,Angel,7019,Alexa,4294,Austin,7003,Serenity,4233,Connor,6975,Kylie,4171,Robert,6951,Aubree,4049,Adrian,6943,Scarlett,4043,Charles,6937,Stella,3999,Thomas,6842,Maya,3977,Sebastian,6734,Katherine,3951,Colton,6358,Julia,3878,Jaxon,6307,Lucy,3810,Zachary,6258,Madelyn,3793,Kevin,6224,Autumn,3777,Ayden,6222,Kayla,3770,Dominic,6182,Makayla,3770,Jose,6035,Mackenzie,3758,Blake,6033,Lauren,3658,Oliver,5918,Gianna,3625,Justin,5893,Ariana,3585,Bentley,5879,Faith,3546,Jason,5747,Alexandra,3482,Ian,5692,Melanie,3465,Chase,5690,Sydney,3453,Josiah,5521,Naomi,3421,Xavier,5365,Caroline,3415,Parker,5360,Bailey,3408,Adam,5316,Morgan,3399,Cooper,5191,Kennedy,3384,Nathaniel,4783,Ellie,3383,Jace,4719,Jasmine,3382,Grayson,4711,Eva,3365,Carson,4593,Skylar,3344,Tristan,4432,Kimberly,3313,Nolan,4424,Violet,3277,Luis,4368,Molly,3259,Brody,4361,Trinity,3238,Juan,4283,Aria,3230,Hudson,4218,Jocelyn,3230,Bryson,4036,London,3199,Carlos,4008,Lydia,3168,Easton,3939,Madeline,3160,Kayden,3872,Reagan,3087,Alex,3861,Piper,3067,Damian,3855,Annabelle,3056,Ryder,3811,Andrea,3050
2013,Noah,18257,Sophia,21223,Jacob,18158,Emma,20942,Liam,18137,Olivia,18428,Mason,17699,Isabella,17642,William,16641,Ava,15252,Ethan,16241,Mia,13152,Michael,15497,Emily,13126,Alexander,14905,Abigail,12409,Jayden,14766,Madison,10596,Daniel,14298,Elizabeth,9454,Elijah,13795,Charlotte,9300,Aiden,13625,Avery,9176,James,13567,Sofia,9160,Benjamin,13498,Chloe,8788,Matthew,13338,Ella,8448,Jackson,12591,Harper,8280,David,12357,Amelia,8036,Logan,12351,Aubrey,7969,Anthony,12266,Addison,7728,Joseph,12248,Evelyn,7662,Joshua,11829,Natalie,7478,Andrew,11658,Grace,7378,Lucas,11548,Hannah,7298,Gabriel,11232,Zoey,7242,Samuel,11117,Victoria,7204,Christopher,10859,Lillian,7072,John,10713,Lily,6989,Isaac,10119,Brooklyn,6896,Dylan,10115,Samantha,6505,Ryan,9876,Layla,6479,Nathan,9711,Zoe,5971,Caleb,9598,Leah,5605,Luke,9573,Audrey,5600,Carter,9571,Allison,5438,Christian,9332,Anna,5380,Hunter,8960,Savannah,5245,Henry,8875,Aaliyah,5233,Owen,8756,Gabriella,5212,Landon,8738,Camila,5144,Jack,8574,Kaylee,5122,Wyatt,8558,Aria,5112,Jonathan,8552,Scarlett,5050,Eli,7938,Hailey,5020,Isaiah,7880,Arianna,4996,Jaxon,7551,Riley,4935,Sebastian,7548,Alexis,4777,Julian,7510,Nevaeh,4760,Brayden,7441,Sarah,4701,Levi,7422,Claire,4656,Gavin,7418,Sadie,4652,Aaron,7306,Peyton,4567,Oliver,7267,Serenity,4454,Jordan,7199,Aubree,4443,Nicholas,7137,Ariana,4414,Evan,7114,Genesis,4299,Connor,7105,Penelope,4289,Charles,7015,Alyssa,4201,Jeremiah,6962,Bella,4173,Cameron,6858,Taylor,4138,Adrian,6845,Alexa,4100,Thomas,6788,Kylie,4027,Robert,6712,Mackenzie,4015,Tyler,6645,Caroline,3980,Austin,6485,Kennedy,3955,Colton,6482,Autumn,3953,Jace,6387,Lucy,3946,Angel,6363,Madelyn,3938,Dominic,6319,Ashley,3937,Josiah,6302,Violet,3931,Brandon,6224,Stella,3909,Ayden,6072,Brianna,3905,Kevin,5935,Maya,3820,Zachary,5759,Skylar,3788,Parker,5664,Ellie,3762,Blake,5643,Julia,3749,Jose,5621,Sophie,3749,Grayson,5553,Katherine,3719,Chase,5536,Mila,3677,Jason,5502,Khloe,3673,Ian,5425,Paisley,3601,Bentley,5378,Annabelle,3557,Adam,5241,Nora,3508,Xavier,4984,Alexandra,3506,Cooper,4893,Melanie,3470,Justin,4868,London,3456,Nolan,4741,Naomi,3445,Hudson,4667,Gianna,3441,Easton,4643,Eva,3430,Jase,4552,Faith,3412,Carson,4529,Madeline,3370,Nathaniel,4527,Nicole,3350,Jaxson,4456,Lauren,3345,Kayden,4424,Ruby,3313,Brody,4327,Makayla,3288,Lincoln,4033,Kayla,3256,Tristan,4010,Lydia,3256,Luis,4002,Piper,3189,Damian,3965,Sydney,3172,Camden,3895,Jocelyn,3150,Juan,3885,Morgan,3115
2014,Noah,19305,Emma,20936,Liam,18462,Olivia,19807,Mason,17201,Sophia,18609,Jacob,16883,Isabella,17089,William,16820,Ava,15696,Ethan,15724,Mia,13512,Michael,15454,Emily,12647,Alexander,15414,Abigail,12085,James,14431,Madison,10320,Daniel,13937,Charlotte,10115,Elijah,13832,Harper,9608,Benjamin,13801,Sofia,9597,Logan,13648,Avery,9568,Aiden,13402,Elizabeth,9564,Jayden,12966,Amelia,8795,Matthew,12912,Evelyn,8747,Jackson,12219,Ella,8553,David,12214,Chloe,8538,Lucas,12158,Victoria,7996,Joseph,12118,Grace,7641,Anthony,11580,Aubrey,7623,Andrew,11159,Zoey,7411,Samuel,10995,Natalie,7105,Gabriel,10918,Addison,6988,Joshua,10901,Lillian,6913,John,10691,Brooklyn,6816,Carter,10677,Lily,6773,Luke,10506,Hannah,6585,Dylan,10410,Layla,6453,Christopher,10352,Scarlett,6005,Isaac,9977,Aria,5923,Oliver,9439,Zoe,5877,Henry,9432,Samantha,5726,Sebastian,9306,Anna,5689,Caleb,9225,Leah,5604,Owen,9150,Audrey,5563,Ryan,9085,Ariana,5495,Nathan,8976,Savannah,5473,Wyatt,8874,Allison,5472,Hunter,8812,Arianna,5267,Jack,8747,Camila,5218,Christian,8455,Gabriella,5098,Landon,8226,Penelope,5084,Jonathan,8106,Claire,5014,Levi,8050,Aaliyah,4883,Jaxon,7701,Sadie,4860,Julian,7671,Riley,4794,Isaiah,7620,Skylar,4770,Eli,7488,Nora,4738,Aaron,7392,Sarah,4703,Charles,7345,Hailey,4615,Connor,7223,Kaylee,4539,Cameron,7056,Paisley,4494,Thomas,7028,Kennedy,4489,Jeremiah,6874,Ellie,4480,Jordan,6869,Peyton,4447,Nicholas,6765,Annabelle,4355,Evan,6717,Caroline,4344,Adrian,6690,Serenity,4330,Robert,6640,Madelyn,4309,Gavin,6618,Lucy,4295,Brayden,6580,Aubree,4271,Grayson,6571,Alexa,4246,Josiah,6458,Nevaeh,4239,Colton,6389,Alexis,4234,Austin,6304,Stella,4198,Angel,6303,Violet,4184,Jace,6289,Genesis,4163,Dominic,6252,Mackenzie,4150,Kevin,5896,Bella,4087,Brandon,5840,Autumn,4066,Tyler,5830,Mila,4056,Parker,5712,Kylie,3957,Ayden,5619,Maya,3949,Jason,5555,Piper,3866,Jose,5480,Alyssa,3829,Ian,5455,Taylor,3809,Chase,5355,Eleanor,3736,Adam,5328,Faith,3719,Hudson,5238,Naomi,3708,Nolan,5204,Melanie,3696,Zachary,5181,Eva,3682,Easton,4983,Katherine,3678,Blake,4943,Lydia,3640,Jaxson,4931,Brianna,3608,Cooper,4842,Julia,3599,Lincoln,4820,Ashley,3556,Xavier,4771,Khloe,3544,Bentley,4768,Madeline,3442,Kayden,4726,Ruby,3423,Carson,4618,Sophie,3388,Brody,4323,Alexandra,3311,Asher,4321,London,3286,Nathaniel,4304,Lauren,3090,Ryder,4102,Gianna,3078,Justin,4029,Isabelle,3075,Leo,3966,Vivian,3062,Tristan,3911,Alice,3052,Juan,3899,Jasmine,3024,Luis,3899,Hadley,3013
2015,Noah,19635,Emma,20455,Liam,18374,Olivia,19691,Mason,16627,Sophia,17417,Jacob,15949,Ava,16378,William,15909,Isabella,15617,Ethan,15077,Mia,14905,James,14824,Abigail,12401,Alexander,14547,Emily,11786,Michael,14431,Charlotte,11398,Benjamin,13700,Harper,10295,Elijah,13651,Madison,10088,Daniel,13506,Amelia,9861,Aiden,13461,Elizabeth,9730,Logan,12919,Sofia,9690,Matthew,12749,Evelyn,9363,Lucas,12305,Avery,9342,Jackson,12269,Chloe,7930,David,11792,Ella,7902,Oliver,11655,Grace,7656,Jayden,11541,Victoria,7609,Joseph,11487,Aubrey,7386,Gabriel,10870,Scarlett,7131,Samuel,10865,Zoey,6944,Carter,10780,Addison,6721,Anthony,10634,Lily,6661,John,10386,Lillian,6612,Dylan,10277,Natalie,6500,Luke,10276,Hannah,6414,Henry,10172,Aria,6405,Andrew,10110,Layla,6330,Isaac,9964,Brooklyn,6311,Christopher,9815,Alexa,6052,Joshua,9801,Zoe,6041,Wyatt,9645,Penelope,5949,Sebastian,9620,Riley,5730,Owen,9596,Leah,5618,Caleb,8801,Audrey,5603,Nathan,8588,Savannah,5456,Ryan,8526,Allison,5346,Jack,8499,Samantha,5340,Hunter,8330,Nora,5323,Levi,8306,Skylar,5281,Christian,8196,Camila,5274,Jaxon,8067,Anna,5130,Julian,8046,Paisley,5078,Landon,7929,Ariana,4958,Grayson,7908,Aaliyah,4863,Jonathan,7626,Ellie,4862,Isaiah,7613,Claire,4829,Charles,7187,Violet,4813,Thomas,7187,Stella,4792,Aaron,7159,Sadie,4752,Eli,7139,Mila,4730,Jeremiah,6783,Gabriella,4622,Connor,6758,Lucy,4547,Cameron,6745,Arianna,4530,Josiah,6661,Sarah,4521,Adrian,6526,Kennedy,4519,Jordan,6303,Madelyn,4481,Colton,6300,Eleanor,4434,Brayden,6261,Kaylee,4363,Nicholas,6241,Caroline,4329,Robert,6119,Hazel,4297,Angel,6100,Hailey,4247,Hudson,6041,Genesis,4160,Lincoln,5996,Kylie,4153,Evan,5906,Piper,4130,Dominic,5855,Maya,4125,Austin,5805,Autumn,4114,Gavin,5784,Nevaeh,4002,Nolan,5736,Serenity,3985,Parker,5408,Peyton,3902,Adam,5391,Mackenzie,3858,Chase,5367,Bella,3794,Jace,5344,Eva,3761,Ian,5321,Naomi,3761,Cooper,5264,Taylor,3746,Easton,5222,Aurora,3642,Kevin,5173,Aubree,3630,Jose,5164,Lydia,3498,Tyler,5160,Melanie,3493,Asher,5121,Brianna,3469,Brandon,5111,Ruby,3462,Jaxson,5056,Katherine,3445,Mateo,5020,Ashley,3424,Jason,5008,Alexis,3418,Ayden,4883,Alice,3418,Zachary,4848,Cora,3401,Carson,4745,Julia,3373,Xavier,4643,Madeline,3335,Leo,4594,Faith,3325,Ezra,4330,Annabelle,3273,Bentley,4316,Alyssa,3252,Sawyer,4268,Isabelle,3217,Kayden,4242,Vivian,3201,Blake,4227,Gianna,3177,Nathaniel,4216,Quinn,3090,Ryder,4152,Clara,3064,Theodore,4149,Reagan,3055,Elias,4096,Alexandra,3001
2016,Noah,19117,Emma,19496,Liam,18218,Olivia,19365,William,15761,Ava,16302,Mason,15244,Sophia,16128,James,14862,Isabella,14795,Benjamin,14641,Mia,14428,Jacob,14510,Charlotte,13090,Michael,14088,Abigail,11760,Elijah,13902,Emily,10972,Ethan,13819,Harper,10787,Alexander,13408,Amelia,10774,Oliver,13037,Evelyn,10106,Daniel,12944,Elizabeth,9555,Lucas,12881,Sofia,9167,Matthew,12621,Madison,9030,Aiden,12228,Avery,8765,Jackson,11284,Ella,7908,Logan,11244,Scarlett,7703,David,11110,Grace,7594,Joseph,10918,Chloe,7461,Samuel,10576,Victoria,7310,Henry,10374,Riley,7141,Owen,10294,Aria,6933,Sebastian,10286,Lily,6592,Gabriel,10229,Aubrey,6533,Carter,10185,Zoey,6444,Jayden,10121,Penelope,6389,John,10013,Lillian,6358,Luke,9984,Addison,6322,Anthony,9865,Layla,6264,Isaac,9742,Natalie,6178,Dylan,9694,Camila,6048,Wyatt,9561,Hannah,6013,Andrew,9390,Brooklyn,5955,Joshua,9204,Zoe,5743,Christopher,9066,Nora,5589,Grayson,8673,Leah,5415,Jack,8413,Savannah,5364,Julian,8374,Audrey,5360,Ryan,8240,Claire,5209,Jaxon,8114,Eleanor,5134,Levi,8078,Skylar,5119,Nathan,7981,Ellie,5065,Caleb,7958,Samantha,4952,Hunter,7651,Stella,4930,Christian,7633,Violet,4866,Isaiah,7519,Paisley,4865,Thomas,7348,Mila,4821,Aaron,7157,Anna,4784,Lincoln,7115,Allison,4775,Charles,7107,Alexa,4770,Eli,7100,Hazel,4667,Landon,7029,Aaliyah,4641,Connor,7025,Lucy,4597,Josiah,6983,Ariana,4595,Jonathan,6957,Caroline,4429,Cameron,6841,Sarah,4412,Jeremiah,6583,Genesis,4342,Mateo,6549,Kennedy,4328,Adrian,6330,Sadie,4286,Hudson,6120,Gabriella,4244,Robert,5989,Madelyn,4231,Nicholas,5747,Adeline,4115,Brayden,5719,Maya,4082,Easton,5636,Autumn,4027,Jordan,5632,Aurora,3990,Nolan,5626,Piper,3949,Colton,5606,Hailey,3938,Evan,5605,Arianna,3888,Angel,5544,Ruby,3832,Asher,5502,Serenity,3831,Dominic,5419,Kaylee,3830,Austin,5353,Eva,3799,Leo,5287,Naomi,3795,Adam,5200,Nevaeh,3787,Jace,5193,Alice,3682,Jose,5113,Luna,3671,Ian,5070,Bella,3660,Cooper,4970,Quinn,3646,Gavin,4931,Lydia,3613,Carson,4918,Peyton,3502,Theodore,4899,Melanie,3482,Jaxson,4898,Kylie,3410,Ezra,4865,Aubree,3409,Jason,4862,Mackenzie,3403,Chase,4851,Cora,3371,Parker,4715,Kinsley,3368,Xavier,4599,Julia,3331,Zachary,4561,Madeline,3277,Kevin,4545,Taylor,3276,Tyler,4498,Katherine,3271,Ayden,4494,Gianna,3218,Elias,4478,Eliana,3199,Bryson,4353,Elena,3182,Leonardo,4321,Vivian,3140,Greyson,4315,Willow,3108,Sawyer,4237,Reagan,3093,Roman,4210,Brianna,3088,Brandon,4090,Clara,3072,Bentley,4044,Faith,3066
2017,Liam,18798,Emma,19800,Noah,18410,Olivia,18703,William,14967,Ava,15958,James,14291,Isabella,15180,Logan,14014,Sophia,14883,Benjamin,13797,Mia,13470,Mason,13549,Charlotte,12937,Elijah,13344,Amelia,11833,Oliver,13193,Evelyn,10712,Jacob,13178,Abigail,10607,Lucas,12996,Harper,10487,Michael,12639,Emily,9781,Alexander,12519,Elizabeth,8955,Ethan,12439,Avery,8205,Daniel,11691,Sofia,8160,Matthew,11671,Ella,8046,Aiden,11303,Madison,7875,Henry,10461,Scarlett,7702,Joseph,10437,Victoria,7292,Jackson,10399,Aria,7149,Samuel,10395,Grace,7040,David,10187,Chloe,6944,Sebastian,10172,Camila,6766,Carter,9787,Penelope,6652,Wyatt,9688,Riley,6353,Jayden,9534,Layla,6303,John,9486,Lillian,6160,Owen,9338,Nora,6055,Dylan,9295,Zoey,6045,Luke,9195,Mila,5964,Gabriel,9131,Aubrey,5911,Isaac,8851,Hannah,5907,Anthony,8833,Lily,5837,Grayson,8679,Addison,5616,Jack,8454,Eleanor,5537,Julian,8422,Natalie,5534,Levi,8418,Luna,5344,Christopher,8285,Savannah,5238,Joshua,8284,Brooklyn,5186,Andrew,8251,Leah,5175,Lincoln,8179,Zoe,5158,Mateo,7757,Stella,5055,Ryan,7674,Hazel,5023,Jaxon,7673,Ellie,5005,Nathan,7418,Paisley,4940,Isaiah,7212,Audrey,4825,Aaron,7196,Violet,4719,Charles,7162,Skylar,4718,Thomas,7162,Claire,4693,Caleb,7125,Bella,4638,Josiah,7016,Aurora,4591,Christian,6996,Lucy,4587,Hunter,6722,Anna,4544,Eli,6601,Samantha,4318,Jonathan,6503,Caroline,4283,Connor,6404,Genesis,4254,Landon,6343,Aaliyah,4174,Adrian,6219,Kennedy,4152,Asher,6030,Kinsley,4044,Cameron,5954,Maya,4028,Leo,5950,Allison,4027,Theodore,5950,Sarah,4009,Jeremiah,5840,Madelyn,3953,Hudson,5781,Adeline,3920,Robert,5528,Alexa,3891,Easton,5502,Gabriella,3879,Nolan,5389,Ariana,3876,Nicholas,5348,Elena,3873,Ezra,5320,Naomi,3841,Colton,5278,Alice,3816,Angel,5257,Sadie,3710,Brayden,5155,Hailey,3699,Jordan,5132,Eva,3629,Dominic,5094,Autumn,3594,Austin,5039,Emilia,3589,Ian,5018,Quinn,3589,Adam,4919,Nevaeh,3584,Elias,4912,Ruby,3566,Jaxson,4838,Serenity,3559,Greyson,4835,Piper,3555,Jose,4793,Willow,3551,Ezekiel,4742,Everly,3516,Carson,4740,Cora,3441,Evan,4721,Kaylee,3403,Maverick,4720,Lydia,3327,Bryson,4652,Aubree,3316,Jace,4631,Arianna,3276,Cooper,4604,Eliana,3269,Xavier,4489,Peyton,3250,Parker,4364,Melanie,3232,Roman,4265,Gianna,3189,Jason,4241,Isabelle,3157,Santiago,4197,Julia,3116,Chase,4168,Valentina,3037,Sawyer,4162,Nova,3036,Gavin,4147,Clara,3035,Leonardo,4125,Vivian,3023,Kayden,3984,Reagan,3001,Ayden,3945,Madeline,2952,Jameson,3922,Mackenzie,2950
